SampleID	BarcodeSequence	LinkerPrimerSequence	ReversePrimer	soil_use	dinamic	Practice	Fertilizer	Day	Treatment	Description
DNA01	TAAGGCGATAGATCGC	CCTACGGGNGGCWGCAG	GACTACHVGGGTATCTAATCC	Conventional	amended	CT	0	0	CT0	Soil.NH4.1
DNA02	TAAGGCGACTCTCTAT	CCTACGGGNGGCWGCAG	GACTACHVGGGTATCTAATCC	Conventional	amended	CT	0	0	CT0	Soil.NH4.2
DNA03	TAAGGCGATATCCTCT	CCTACGGGNGGCWGCAG	GACTACHVGGGTATCTAATCC	Conventional	amended	CT	0	0	CT0	Soil.NH4.3
DNA04	TAAGGCGAAGAGTAGA	CCTACGGGNGGCWGCAG	GACTACHVGGGTATCTAATCC	Conventional	amended	CT	300	0	CT300	Soil.NH4.4
DNA05	TAAGGCGAGTAAGGAG	CCTACGGGNGGCWGCAG	GACTACHVGGGTATCTAATCC	Conventional	amended	CT	300	0	CT300	Soil.NH4.5
DNA06	TAAGGCGAACTGCATA	CCTACGGGNGGCWGCAG	GACTACHVGGGTATCTAATCC	Conventional	amended	CT	300	0	CT300	Soil.NH4.6
DNA07	TAAGGCGAAAGGAGTA	CCTACGGGNGGCWGCAG	GACTACHVGGGTATCTAATCC	Conservation	amended	PBB	0	0	PBB0	Soil.NH4.7
DNA08	TAAGGCGACTAAGCCT	CCTACGGGNGGCWGCAG	GACTACHVGGGTATCTAATCC	Conservation	amended	PBB	0	0	PBB0	Soil.NH4.8
DNA09	CGTACTAGTAGATCGC	CCTACGGGNGGCWGCAG	GACTACHVGGGTATCTAATCC	Conservation	amended	PBB	0	0	PBB0	Soil.NH4.9
DNA10	CGTACTAGCTCTCTAT	CCTACGGGNGGCWGCAG	GACTACHVGGGTATCTAATCC	Conservation	amended	PBB	300	0	PBB300	Soil.NH4.10
DNA11	CGTACTAGTATCCTCT	CCTACGGGNGGCWGCAG	GACTACHVGGGTATCTAATCC	Conservation	amended	PBB	300	0	PBB300	Soil.NH4.11
DNA12	CGTACTAGAGAGTAGA	CCTACGGGNGGCWGCAG	GACTACHVGGGTATCTAATCC	Conservation	amended	PBB	300	0	PBB300	Soil.NH4.12
DNA13	CGTACTAGGTAAGGAG	CCTACGGGNGGCWGCAG	GACTACHVGGGTATCTAATCC	Conservation	amended	PBC	0	0	PBC0	Soil.NH4.13
DNA14	CGTACTAGACTGCATA	CCTACGGGNGGCWGCAG	GACTACHVGGGTATCTAATCC	Conservation	amended	PBC	0	0	PBC0	Soil.NH4.14
DNA15	CGTACTAGAAGGAGTA	CCTACGGGNGGCWGCAG	GACTACHVGGGTATCTAATCC	Conservation	amended	PBC	0	0	PBC0	Soil.NH4.15
DNA16	CGTACTAGCTAAGCCT	CCTACGGGNGGCWGCAG	GACTACHVGGGTATCTAATCC	Conservation	amended	PBC	300	0	PBC300	Soil.NH4.16
DNA17	TCCTGAGCTAGATCGC	CCTACGGGNGGCWGCAG	GACTACHVGGGTATCTAATCC	Conservation	amended	PBC	300	0	PBC300	Soil.NH4.17
DNA18	TCCTGAGCCTCTCTAT	CCTACGGGNGGCWGCAG	GACTACHVGGGTATCTAATCC	Conservation	amended	PBC	300	0	PBC300	Soil.NH4.18